541705699,25418885.5,21174859.5,4244026,46593745
564288481,60790861.0,7560449.0,53230412,68351310
759240389,2223389.0,1287158.0,3510547,936231
728079463,587243.0,240400.0,827643,346843
569929781,7221970.0,5533716.0,12755686,1688254
993366289,963966.0,419563.0,1383529,544403
730529069,2424007.0,1513145.0,3937152,910862
587686123,21334076.5,1714073.5,23048150,19620003
713684243,2762550.0,1430767.0,1331783,4193317
991588217,206376.5,84982.5,291359,121394
566061233,4701414.5,726852.5,3974562,5428267
583912829,19975261.0,7792355.0,27767616,12182906
655096613,3675850.0,3018430.0,657420,6694280
867868129,1797984.0,90397.0,1888381,1707587
707180641,5699571.0,4121760.0,9821331,1577811
554032537,15894132.0,15733134.0,160998,31627266
803964919,1424323.5,226886.5,1651210,1197437
624245957,3619078.0,2425841.0,6044919,1193237
553038163,4159782.5,2035501.5,2124281,6195284
618860071,7845300.0,2243528.0,10088828,5601772
713699743,14924760.0,2020004.0,12904756,16944764
594521437,34255075.5,8063193.5,26191882,42318269
643408277,5806017.0,4319094.0,10125111,1486923
688690939,21215142.0,14585453.0,35800595,6629689
647044109,1265687.0,355977.0,1621664,909710
564601649,12347094.5,9959674.5,2387420,22306769
946889767,110911.0,9898.0,101013,120809
609925123,8817678.5,7815170.5,16632849,1002508
724387649,9609279.5,9589193.5,20086,19198473
571050343,12365945.5,2171535.5,10194410,14537481
923240701,1561967.0,172208.0,1734175,1389759
695048021,4738681.0,308051.0,5046732,4430630
694788187,3990961.5,355141.5,3635820,4346103
658224407,4540024.5,557763.5,3982261,5097788
585053519,6408385.0,1178483.0,7586868,5229902
689357087,1836863.5,1046186.5,2883050,790677
541057193,8774013.5,3359347.5,5414666,12133361
644012557,13312257.5,2341759.5,15654017,10970498
615326549,2958299.5,1629297.5,4587597,1329002
537536179,4625873.0,1557137.0,6183010,3068736
550019671,17116510.0,11603399.0,28719909,5513111
677581447,9298305.5,3970332.5,5327973,13268638
817219763,4192659.0,572393.0,4765052,3620266
561581401,20076502.5,10709596.5,9366906,30786099
909895747,1369813.0,961291.0,2331104,408522
715177933,3253822.5,2563543.5,690279,5817366
548054977,22799850.5,8458242.5,14341608,31258093
664017881,7309776.5,4326599.5,11636376,2983177
1010446781,261212.0,1220.0,259992,262432
732654943,11797695.5,3445424.5,8352271,15243120
636058561,7192497.0,446729.0,6745768,7639226
563544721,3968059.0,2594104.0,6562163,1373955
911157613,2746729.5,2487111.5,259618,5233841
814508117,2453569.5,2283720.5,169849,4737290
650269973,1862303.5,461135.5,1401168,2323439
691847773,6717555.0,2941477.0,3776078,9659032
584461781,10744281.0,2194590.0,8549691,12938871
650949353,2883069.0,865473.0,2017596,3748542
736306217,3004828.5,1546588.5,1458240,4551417
691583003,3789231.0,1217421.0,2571810,5006652
707141689,6824271.5,39253.5,6863525,6785018
605455129,11912792.5,9334552.5,21247345,2578240
718369529,1777702.5,646640.5,1131062,2424343
756247783,1420902.5,572943.5,1993846,847959
588832571,14755193.0,5884224.0,8870969,20639417
644327549,9150034.0,8772397.0,17922431,377637
602621161,4178047.0,476137.0,3701910,4654184
712409381,2626122.5,563254.5,2062868,3189377
792315571,1658039.5,831907.5,2489947,826132
740221147,1802409.0,1057900.0,744509,2860309
548326309,23010611.0,4271004.0,18739607,27281615
637868381,1343238.0,61284.0,1281954,1404522
795392321,11270786.5,58462.5,11212324,11329249
760861279,113385.5,18547.5,131933,94838
579948613,8984913.5,8190508.5,17175422,794405
736254401,3833484.0,2215972.0,6049456,1617512
579855781,2043705.5,1784036.5,3827742,259669
821979989,1242698.5,1190763.5,2433462,51935
794025877,3934110.5,2787599.5,1146511,6721710
604280197,15074715.5,577553.5,15652269,14497162
877293629,2062925.5,1832600.5,230325,3895526
673801433,7308370.0,7266731.0,41639,14575101
579539357,4612622.0,2928339.0,7540961,1684283
729410153,1006205.0,548021.0,1554226,458184
675558491,4068498.5,1625182.5,5693681,2443316
641123107,2021172.0,1653974.0,3675146,367198
746125351,8075171.5,3898432.5,4176739,11973604
566507399,14225182.5,4843737.5,19068920,9381445
621489511,5269503.0,3666548.0,1602955,8936051
588731953,10201258.5,419973.5,9781285,10621232
744746729,1426568.5,253611.5,1680180,1172957
757911821,2823178.5,1219137.5,4042316,1604041
735589397,2188586.5,1798865.5,389721,3987452
669350021,7590042.5,6139432.5,13729475,1450610
933774203,562515.0,247057.0,809572,315458
542999687,7406319.0,3097088.0,10503407,4309231
895506427,4818438.0,2836516.0,7654954,1981922
964643573,1210980.0,141240.0,1069740,1352220
645459481,1869474.5,690985.5,2560460,1178489
938377553,1835872.0,822536.0,1013336,2658408
614311613,8829477.0,4774717.0,4054760,13604194
698862377,347883.0,167090.0,514973,180793
772975477,1567793.5,1045401.5,522392,2613195
618462697,3148834.0,2301112.0,847722,5449946
633404281,16059034.0,1257122.0,17316156,14801912
597608153,19862469.5,9218980.5,10643489,29081450
559930087,7051962.0,473128.0,6578834,7525090
609811921,18152691.5,414928.5,17737763,18567620
623825269,22429277.0,21762409.0,44191686,666868
556178549,17941035.0,13847307.0,31788342,4093728
625455641,17790275.0,15760245.0,33550520,2030030
1002991433,161661.0,44954.0,116707,206615
608528441,13413003.0,3606073.0,17019076,9806930
657961559,5149944.0,1841927.0,3308017,6991871
687997861,4878328.0,522473.0,4355855,5400801
635839067,2188244.5,1172328.5,1015916,3360573
719016461,9034879.5,154621.5,9189501,8880258
673218281,4051824.5,1171283.5,5223108,2880541
991304779,202578.0,121736.0,324314,80842
548925373,6441277.0,5121888.0,11563165,1319389
551404627,7316286.5,4018669.5,11334956,3297617
557242327,7125169.5,536282.5,7661452,6588887
840224977,1021174.5,426971.5,594203,1448146
696431471,840334.0,109137.0,731197,949471
581330807,1529997.5,884028.5,2414026,645969
553374937,22599385.0,3329458.0,19269927,25928843
909293729,143151.0,4376.0,147527,138775
559015151,9318655.0,3521240.0,12839895,5797415
615381331,35118145.0,7335380.0,27782765,42453525
537063523,24748311.5,10868381.5,13879930,35616693
696655909,4360132.0,2501368.0,6861500,1858764
657937673,2924927.5,132722.5,2792205,3057650
737308049,1578274.0,346677.0,1231597,1924951
710801197,1535072.5,183734.5,1718807,1351338
704713853,3402890.5,997997.5,4400888,2404893
891613819,1087387.0,1048286.0,2135673,39101
1015908041,412189.5,128387.5,540577,283802
576415207,16632219.0,6501861.0,10130358,23134080
657985667,5637860.0,3250058.0,8887918,2387802
537786629,11059440.0,2305084.0,8754356,13364524
872488291,2443253.0,1143626.0,3586879,1299627
795173983,982749.5,628995.5,1611745,353754
574736791,3618730.5,2318545.5,5937276,1300185
608945563,2081139.5,1285104.5,3366244,796035
878527079,813149.0,403554.0,409595,1216703
584548507,18093645.0,8618909.0,9474736,26712554
614701337,15815104.0,7548965.0,8266139,23364069
741181741,773361.5,320409.5,452952,1093771
594087367,9303744.0,5886783.0,15190527,3416961
750426139,9598291.0,1896202.0,11494493,7702089
966085963,451007.0,223182.0,227825,674189
670043779,18867983.0,6479978.0,12388005,25347961
563647457,4090472.5,2368647.5,6459120,1721825
556118741,17837543.5,8069548.5,9767995,25907092
646108937,6830485.5,5694196.5,1136289,12524682
745441357,3773504.0,3627768.0,7401272,145736
628339163,883518.0,257746.0,625772,1141264
634045259,1885589.5,1539243.5,3424833,346346
932963663,1611217.5,517699.5,2128917,1093518
710103479,1102675.5,244242.5,1346918,858433
551901653,20003329.5,15459642.5,4543687,35462972
567853357,6030746.5,33781.5,6064528,5996965
572963953,1737662.0,381420.0,2119082,1356242
636210299,12806959.5,9202336.5,3604623,22009296
629155997,1676124.0,645546.0,1030578,2321670
556662037,2041667.5,1847708.5,193959,3889376
763364341,668227.0,289739.0,957966,378488
874638409,1026261.5,292432.5,733829,1318694
539310427,4705700.5,3777861.5,8483562,927839
847500539,2647254.5,362802.5,2284452,3010057
550843133,33276125.0,24086102.0,57362227,9190023
584941183,13247956.0,1629153.0,14877109,11618803
574720351,2242130.0,114872.0,2127258,2357002
914511293,1408286.5,1177715.5,2586002,230571
993380807,1525231.5,248265.5,1773497,1276966
603766159,3154158.5,1688772.5,1465386,4842931
563649769,1434821.5,1380047.5,2814869,54774
693633929,7578671.0,7064521.0,14643192,514150
797700451,1860639.5,1766452.5,94187,3627092
575466127,8829733.5,7911480.5,918253,16741214
608741611,5147018.5,1603800.5,6750819,3543218
596843243,12690720.5,10301317.5,22992038,2389403
846978833,4249318.5,1645602.5,2603716,5894921
958402163,1088261.0,141274.0,946987,1229535
623617349,2341378.0,780349.0,3121727,1561029
802776509,4898815.5,4601275.5,9500091,297540
861335557,2344618.0,464397.0,2809015,1880221
666783437,6395641.5,5076626.5,11472268,1319015
999790159,803591.5,123116.5,926708,680475
804353689,1869531.5,1235245.5,634286,3104777
905568143,2950271.5,653351.5,3603623,2296920
736942879,2169461.5,1928742.5,240719,4098204
725584523,2127293.5,293946.5,2421240,1833347
575594351,15726331.5,6877849.5,8848482,22604181
866260393,2603544.0,1466424.0,4069968,1137120
595608149,8102207.0,4603467.0,3498740,12705674
616126073,6452805.5,1326129.5,7778935,5126676
967827059,280974.0,264316.0,16658,545290
729329453,1714070.5,1058414.5,655656,2772485
773313181,3152913.5,2544818.5,5697732,608095
585099103,13395441.0,11245218.0,24640659,2150223
768025463,3732056.5,1411374.5,2320682,5143431
844593049,2177430.5,489806.5,2667237,1687624
599400463,12196704.5,1694264.5,10502440,13890969
763339309,3333120.5,163255.5,3496376,3169865
597482869,3416161.5,3204700.5,211461,6620862
644276443,3233098.0,2810826.0,422272,6043924
615502429,8271376.5,4058656.5,4212720,12330033
551625713,7474753.0,3095763.0,10570516,4378990
873978641,3381974.5,3313195.5,68779,6695170
766576553,1031811.5,475836.5,1507648,555975
572251711,2955703.5,1911004.5,1044699,4866708
595219841,1056195.5,694914.5,361281,1751110
572378371,12830086.0,8454070.0,4376016,21284156
1006972973,626162.5,575951.5,50211,1202114
587610173,4813536.0,1607035.0,3206501,6420571
595704349,8395299.5,954278.5,9349578,7441021
683078153,2369227.5,1714510.5,4083738,654717
700026763,1341003.5,1247716.5,2588720,93287
595127257,5832540.5,3295802.5,2536738,9128343
779671241,12591875.0,8046057.0,4545818,20637932
965338397,1061507.0,551229.0,510278,1612736
682934911,5445602.0,5271284.0,10716886,174318
542099293,6125477.5,3438153.5,9563631,2687324
628300429,6638876.0,5014010.0,11652886,1624866
598454981,6604094.5,1928838.5,4675256,8532933
608880673,13478083.5,5227527.5,8250556,18705611
870467497,1510649.5,1334991.5,175658,2845641
742196291,1388895.0,271238.0,1117657,1660133
972648613,193716.0,191653.0,385369,2063
576811883,10040128.0,7611428.0,17651556,2428700
647053819,3105733.0,1879668.0,4985401,1226065
809997641,2647572.5,1532816.5,1114756,4180389
849579869,1550080.5,1121696.5,2671777,428384
690068023,6019281.5,1647899.5,7667181,4371382
539008697,11446432.5,2025858.5,9420574,13472291
884533667,696005.0,539266.0,156739,1235271
640751477,6492154.0,3330971.0,9823125,3161183
618439163,13224449.0,6302338.0,19526787,6922111
858604561,550238.0,74957.0,475281,625195
550377241,7256466.0,6987899.0,268567,14244365
885626701,6841647.0,1237117.0,5604530,8078764
632010287,19978236.0,3389484.0,23367720,16588752
583547123,11014729.0,4874765.0,6139964,15889494
653076157,2943945.0,1945300.0,4889245,998645
965891651,534406.0,395538.0,929944,138868
798948749,3646945.5,2356424.5,6003370,1290521
797176111,815054.5,495530.5,319524,1310585
643387103,12315885.5,8524039.5,3791846,20839925
558233443,7988996.0,4889132.0,3099864,12878128
908378327,295789.5,210763.5,85026,506553
574419949,22998986.5,2571752.5,20427234,25570739
709995757,14340057.0,8958196.0,5381861,23298253
740883049,3334284.0,647991.0,2686293,3982275
649546237,3109386.5,714299.5,3823686,2395087
940972751,862397.5,325755.5,1188153,536642
839825461,440218.5,90147.5,530366,350071
690147061,1565787.5,701627.5,864160,2267415
558085711,2488289.0,321819.0,2166470,2810108
733402861,6019398.5,3356718.5,2662680,9376117
952827527,248448.0,124947.0,123501,373395
794052899,12013448.0,10565215.0,22578663,1448233
580472647,7730632.5,1061384.5,6669248,8792017
908607353,1450261.0,181996.0,1632257,1268265
557330413,10497135.0,5998877.0,4498258,16496012
652099111,2007957.0,561409.0,1446548,2569366
543244553,9560973.5,8385486.5,17946460,1175487
895194737,292123.0,19925.0,312048,272198
646435007,1483490.0,648908.0,834582,2132398
689884541,1531837.5,1240938.5,2772776,290899
962298509,1514699.5,960265.5,554434,2474965
862207771,180203.0,723.0,179480,180926
645552319,4490794.0,639267.0,5130061,3851527
556546369,16506544.5,3141505.5,19648050,13365039
1056639307,30030.5,8606.5,21424,38637
584228731,3556468.5,1834901.5,1721567,5391370
686166743,3547538.0,480584.0,3066954,4028122
679437067,12353834.5,3977800.5,16331635,8376034
615817669,2369996.0,364180.0,2734176,2005816
605699791,6396490.0,3734051.0,2662439,10130541
889062431,1532738.5,724515.5,2257254,808223
966528811,112140.5,64736.5,176877,47404
859188373,4952056.0,806875.0,5758931,4145181
674140307,1989561.0,1390363.0,3379924,599198
749432351,5124928.5,4519359.5,9644288,605569
683730997,16483943.5,9908174.5,6575769,26392118
605568121,25632406.0,24033412.0,49665818,1598994
663745361,16238062.5,15855961.5,382101,32094024
908831719,1466128.0,864191.0,2330319,601937
690041851,6302496.0,3709885.0,2592611,10012381
598287629,9967871.5,620713.5,9347158,10588585
570290921,7628563.0,2068309.0,9696872,5560254
650177401,13126717.5,3165212.5,9961505,16291930
560544121,2987700.5,1517309.5,1470391,4505010
577141307,10083800.5,7855265.5,17939066,2228535
550361039,10503393.0,6542168.0,3961225,17045561
699476053,5392622.0,3740732.0,1651890,9133354
812176559,833658.0,773381.0,60277,1607039
822088937,250106.0,211918.0,462024,38188
850636139,4871230.0,4172804.0,9044034,698426
640866113,16217474.5,12603702.5,3613772,28821177
1043300777,21505.0,19708.0,1797,41213
539499413,16927372.5,633123.5,16294249,17560496
719515721,1187376.0,1082382.0,2269758,104994
896515649,782188.5,469100.5,1251289,313088
954581737,1255615.5,1148328.5,107287,2403944
538151641,4979995.5,1658320.5,6638316,3321675
708302141,6095856.5,1430497.5,7526354,4665359
567843347,20981134.0,14140660.0,6840474,35121794
607468153,6687442.0,2778191.0,3909251,9465633
627161813,4301759.5,2150475.5,6452235,2151284
814527839,6062145.0,3380765.0,9442910,2681380
561875059,14469084.5,8133503.5,22602588,6335581
631956209,2065532.5,1451399.5,3516932,614133
842124781,4524757.5,1980311.5,2544446,6505069
818930197,696350.0,472461.0,223889,1168811
796232851,3011280.5,2292898.5,718382,5304179
968396291,745421.0,113385.0,632036,858806
876123077,5986197.5,602153.5,6588351,5384044
615847411,9054286.5,4277950.5,4776336,13332237
896870593,3488125.0,1502111.0,1986014,4990236
791015957,4613645.0,1453840.0,3159805,6067485
773480507,2609860.0,1029039.0,1580821,3638899
939050677,609810.0,205270.0,815080,404540
665639999,8200600.0,755186.0,7445414,8955786
808456427,1668718.5,372304.5,2041023,1296414
587597761,3469529.5,1729107.5,1740422,5198637
638155073,6318881.0,1279009.0,7597890,5039872
693844909,6838094.0,133117.0,6971211,6704977
752032051,2914825.5,2222431.5,5137257,692394
840278083,950524.5,485561.5,464963,1436086
851236951,462138.0,105389.0,567527,356749
644305007,6743921.5,5791824.5,952097,12535746
553709257,12747782.5,1602565.5,11145217,14350348
677473091,9865778.0,1442944.0,8422834,11308722
662773633,6211505.0,1649928.0,7861433,4561577
760775233,2917373.0,105943.0,3023316,2811430
744621431,1814283.0,620608.0,2434891,1193675
664672843,4361192.5,901552.5,5262745,3459640
737851729,10819104.0,10505350.0,313754,21324454
906190609,1243724.5,1143279.5,2387004,100445
541454327,12978795.0,3302828.0,9675967,16281623
949487419,463636.0,201209.0,664845,262427
713192101,6799325.0,493185.0,7292510,6306140
830177123,2199509.0,1382276.0,3581785,817233
541872869,6651085.0,1506036.0,8157121,5145049
604396633,12343610.5,3245466.5,15589077,9098144
655059947,5237800.5,3423436.5,1814364,8661237
758279023,4601783.5,1895056.5,6496840,2706727
637211411,4396755.5,1474899.5,2921856,5871655
637071781,3688566.5,272923.5,3415643,3961490
583676603,15582139.5,2861641.5,12720498,18443781
954062617,987193.5,211435.5,775758,1198629
964032911,748126.5,708364.5,1456491,39762
841733197,4225109.0,3995628.0,229481,8220737
570334627,9462912.0,7336474.0,16799386,2126438
603106033,6169520.5,5318654.5,11488175,850866
795023569,336304.0,120891.0,215413,457195
843828611,1203629.0,154433.0,1358062,1049196
648660827,8279032.5,6328534.5,1950498,14607567
775582597,4047013.5,907552.5,4954566,3139461
648935011,3512611.5,1862939.5,1649672,5375551
673987393,397955.5,310372.5,87583,708328
841202641,4486262.0,1148227.0,5634489,3338035
669077839,6276669.0,4755089.0,1521580,11031758
808300373,1750190.0,1604705.0,145485,3354895
551326247,18422035.0,14463737.0,3958298,32885772
904279913,862496.5,564576.5,1427073,297920
832248707,1597857.5,626937.5,970920,2224795
638566553,14043023.0,3350677.0,17393700,10692346
921754441,1276671.5,397387.5,879284,1674059
778323943,488783.0,366369.0,122414,855152
627571013,11489818.0,6373488.0,17863306,5116330
644189977,6199978.5,5092674.5,1107304,11292653
608745499,9244327.0,2319686.0,6924641,11564013
781892989,11440970.0,40575.0,11400395,11481545
562899319,31004232.5,8116143.5,22888089,39120376
570026071,15752016.0,5870730.0,21622746,9881286
888079009,661958.5,468978.5,192980,1130937
546737047,3515080.0,600387.0,4115467,2914693
570595163,1679850.0,1550179.0,3230029,129671
681276109,7600726.0,4585056.0,12185782,3015670
545729683,8016709.5,4356706.5,3660003,12373416
606915409,4963362.0,3007121.0,7970483,1956241
676207439,9327924.5,7322777.5,2005147,16650702
579321047,6463151.0,6338885.0,12802036,124266
803568041,1598825.5,759351.5,839474,2358177
929420941,551887.5,384835.5,936723,167052
981667933,271517.0,87370.0,184147,358887
756809771,1135548.0,842967.0,1978515,292581
657660209,1324204.0,1256802.0,67402,2581006
624458867,475702.5,453559.5,929262,22143
702518147,3600622.0,672773.0,2927849,4273395
746592647,2214846.5,1165044.5,1049802,3379891
597249839,19726305.5,13737057.5,33463363,5989248
560371573,2860389.0,540812.0,3401201,2319577
558367897,2501084.5,1994829.5,4495914,506255
557789513,11677078.5,11537796.5,139282,23214875
637641973,657807.0,68884.0,726691,588923
952852799,109312.0,9212.0,118524,100100
685325699,11717294.0,3969930.0,7747364,15687224
575891447,31813894.5,28812228.5,3001666,60626123
938628563,203006.5,159441.5,362448,43565
610711177,7479621.0,6884719.0,14364340,594902
567064571,15127869.5,3250781.5,11877088,18378651
621327019,19097038.5,14432177.5,4664861,33529216
717291907,1994128.5,302368.5,1691760,2296497
849217717,2191082.5,33521.5,2157561,2224604
722372873,12270906.0,8278596.0,3992310,20549502
725549663,5646250.0,959189.0,4687061,6605439
991513409,302825.0,288157.0,590982,14668
923805367,515674.0,385117.0,900791,130557
575709581,12625336.5,6434948.5,6190388,19060285
852208391,3023695.0,2749035.0,274660,5772730
801790477,1872782.5,563960.5,2436743,1308822
555978869,19891010.5,7867899.5,27758910,12023111
682753069,2622150.0,2475011.0,5097161,147139
822606437,3978521.0,2618651.0,1359870,6597172
1008498949,61994.5,43744.5,105739,18250
777930991,9933378.0,6715388.0,16648766,3217990
566905093,4454581.5,1677743.5,2776838,6132325
732909659,8275941.5,1547075.5,9823017,6728866
856194161,3481020.5,707161.5,4188182,2773859
590952671,5588919.5,399188.5,5988108,5189731
742885369,499515.0,72573.0,572088,426942
562039957,18605737.5,8909061.5,9696676,27514799
649148989,10202895.0,3824687.0,14027582,6378208
584502469,21090007.0,14304476.0,6785531,35394483
629858833,1704674.0,810384.0,894290,2515058
658194787,4102793.0,2695447.0,1407346,6798240
571013749,16596032.5,2628969.5,19225002,13967063
623511113,11699983.0,1382934.0,13082917,10317049
540360407,4379577.0,3283142.0,7662719,1096435
953671687,809647.0,667360.0,1477007,142287
639657367,800758.5,383272.5,1184031,417486
760601431,3720523.0,1024081.0,4744604,2696442
567269827,17214593.5,5755604.5,22970198,11458989
615073649,1961275.0,751449.0,2712724,1209826
569470439,14939021.5,5588052.5,9350969,20527074
592046677,9111990.0,3065053.0,12177043,6046937
960028411,318153.0,135615.0,453768,182538
729516589,1608363.5,1519782.5,3128146,88581
540433057,14097784.0,6340191.0,20437975,7757593
564109451,23360521.5,5712322.5,17648199,29072844
621620183,770610.0,668391.0,102219,1439001
737939693,7864338.5,765854.5,7098484,8630193
782081471,1023414.5,585537.5,1608952,437877
798982423,4675627.0,1108971.0,3566656,5784598
698671513,1469679.0,411498.0,1881177,1058181
689705831,3968714.0,1201022.0,2767692,5169736
590638343,2998323.5,336757.5,3335081,2661566
719479993,3351235.0,3030408.0,320827,6381643
686056363,5273800.0,3770934.0,1502866,9044734
823633067,3226200.0,602868.0,3829068,2623332
675359777,4522019.0,2534865.0,1987154,7056884
785076557,1853667.5,1554680.5,298987,3408348
730655777,8665211.5,5148622.5,13813834,3516589
739304759,4978496.0,2750814.0,7729310,2227682
717419627,6673348.0,2025534.0,8698882,4647814
602421697,8076574.0,4381183.0,3695391,12457757
647069573,3812793.0,1242238.0,2570555,5055031
563803483,2363091.0,1154071.0,3517162,1209020
656157847,3213613.0,2533579.0,5747192,680034
595175519,5932944.0,5278429.0,654515,11211373
545002229,12995453.0,11617038.0,1378415,24612491
720979279,359667.5,142609.5,217058,502277
977735477,955580.5,294790.5,1250371,660790
579428401,1334722.5,183491.5,1151231,1518214
701782297,5376603.5,4951801.5,424802,10328405
794098303,795889.5,679631.5,1475521,116258
560318839,8907626.0,6048586.0,2859040,14956212
560668657,8109514.0,2544636.0,10654150,5564878
624152393,7282107.5,2515102.5,9797210,4767005
668520157,2864692.0,1423255.0,4287947,1441437
745760339,3845020.0,1559179.0,5404199,2285841
602841149,28211246.0,24202492.0,52413738,4008754
567948341,1561074.0,315973.0,1245101,1877047
729729569,1637542.0,33235.0,1604307,1670777
574001489,11797295.5,5221934.5,17019230,6575361
540544769,11808340.0,10201961.0,1606379,22010301
594019379,9336300.0,2997060.0,12333360,6339240
647784899,13807937.5,3547948.5,10259989,17355886
570545639,5925706.5,1211503.5,4714203,7137210
659674033,1678727.0,1234978.0,443749,2913705
549277093,2870543.0,286639.0,2583904,3157182
582817393,10619825.0,7344193.0,17964018,3275632
619781473,9215695.5,7028905.5,16244601,2186790
631312207,9776265.0,9246167.0,530098,19022432
931438471,3619789.5,2262425.5,5882215,1357364
608683631,20551163.5,19140690.5,39691854,1410473
826555463,1003422.5,594199.5,409223,1597622
680979707,9270908.5,1451144.5,10722053,7819764
860368609,1168911.0,715121.0,453790,1884032
543897227,9034909.5,8486646.5,548263,17521556
558954793,2512950.5,1222382.5,1290568,3735333
571114991,15468493.5,13391684.5,2076809,28860178
682452767,6498468.0,1830176.0,4668292,8328644
855152731,902833.5,566742.5,1469576,336091
704146529,2039877.5,1084358.5,3124236,955519
737445407,3481661.0,168499.0,3313162,3650160
692031679,4805875.0,4376555.0,429320,9182430
976765793,1541058.0,375771.0,1165287,1916829
734052811,3896954.5,26034.5,3922989,3870920
932809457,1748808.5,430145.5,2178954,1318663
733839233,4082735.0,3089534.0,993201,7172269
629994073,2604503.5,1070106.5,1534397,3674610
659084879,12055485.5,5269958.5,6785527,17325444
627360551,1245732.0,1120183.0,2365915,125549
668804041,2749615.0,1017102.0,3766717,1732513
559605793,7937486.5,4324866.5,3612620,12262353
761403697,1114586.0,1027036.0,2141622,87550
655214723,3363951.0,1482470.0,1881481,4846421
637645319,8878855.0,1665736.0,10544591,7213119
620236723,7872048.5,6686200.5,14558249,1185848
798839147,2180138.5,1242277.5,3422416,937861
627300977,14974100.0,8114199.0,23088299,6859901
682836151,3968218.0,1706762.0,5674980,2261456
582214001,1601055.0,1138929.0,2739984,462126
636881683,7747755.5,5178882.5,2568873,12926638
623231359,1744511.5,537570.5,2282082,1206941
576458231,3953988.5,3785397.5,7739386,168591
661045087,4071646.0,2375429.0,6447075,1696217
726968051,1625701.5,902464.5,723237,2528166
1005294659,954097.0,494699.0,1448796,459398
744045761,2571253.5,1456256.5,4027510,1114997
583207769,4575972.5,2919938.5,1656034,7495911
839453281,449250.5,60461.5,388789,509712
616970609,5994323.0,1797281.0,7791604,4197042
776230087,832712.0,692269.0,140443,1524981
664113419,7084206.5,1830562.5,5253644,8914769
689369621,6910492.0,1816567.0,8727059,5093925
875075489,229692.0,20445.0,250137,209247
642395333,5290786.5,4108394.5,1182392,9399181
773858857,2286802.5,1843578.5,4130381,443224
575106817,11824737.0,759691.0,11065046,12584428
834537511,4070096.5,890827.5,4960924,3179269
611368697,10412848.0,5054082.0,5358766,15466930
698272009,467869.5,100637.5,367232,568507
642651781,16620975.0,16178562.0,32799537,442413
627326243,4497481.5,3904646.5,8402128,592835
538793743,7667127.5,6718424.5,948703,14385552
697546823,3225631.0,2476850.0,748781,5702481
737699497,2301423.0,310202.0,2611625,1991221
557348087,7849460.0,5238898.0,2610562,13088358
690082739,9386474.0,1368326.0,10754800,8018148
598700863,3307676.0,1522451.0,1785225,4830127
819395021,1667456.0,403651.0,2071107,1263805
622463057,6606038.5,5844690.5,12450729,761348
615998233,7543546.5,3571107.5,3972439,11114654
559990129,13641753.0,5736075.0,7905678,19377828
611521997,5460630.5,3159474.5,8620105,2301156
747491461,1557611.5,1126174.5,431437,2683786
675386269,4674667.5,615770.5,4058897,5290438
907037881,1260579.0,275024.0,985555,1535603
665763019,1574063.5,704870.5,869193,2278934
641006309,7681765.0,600225.0,8281990,7081540
539703943,9991861.0,266458.0,10258319,9725403
627080873,5474996.0,477704.0,4997292,5952700
874974761,831990.0,139213.0,692777,971203
971668829,715414.5,173197.5,542217,888612
577835273,29762111.0,23614871.0,6147240,53376982
554497907,18592702.0,13537426.0,32130128,5055276
592526513,2849801.5,2706338.5,143463,5556140
577191287,11318292.0,6077948.0,17396240,5240344
572739103,2066983.0,1513487.0,3580470,553496
675047077,11197105.5,241797.5,11438903,10955308
727233593,4856700.5,1758809.5,3097891,6615510
1047234317,214476.0,21930.0,236406,192546
762383087,1070931.0,526505.0,544426,1597436
633023701,2752681.5,2618920.5,133761,5371602
664238693,2571003.5,658767.5,3229771,1912236
537441209,11528536.5,5789691.5,17318228,5738845
663712867,4929707.5,481957.5,4447750,5411665
936741527,1053901.0,624348.0,429553,1678249
617870653,1517594.0,1367934.0,2885528,149660
671108663,785020.0,66953.0,718067,851973
941817077,132457.0,81017.0,51440,213474
722244713,1719548.5,1111247.5,608301,2830796
557785009,25550885.0,3097943.0,28648828,22452942
601503281,5870181.5,1254846.5,4615335,7125028
562861627,15327455.5,11722852.5,3604603,27050308
957816683,618081.0,156172.0,774253,461909
778718267,8782676.5,2810463.5,11593140,5972213
732167621,1528466.5,992366.5,536100,2520833
813403501,933880.5,735462.5,1669343,198418
811182443,2315223.0,590329.0,2905552,1724894
718735747,2334174.5,1352871.5,3687046,981303
816040073,4774421.5,4333937.5,9108359,440484
783961547,2061248.5,1660272.5,3721521,400976
554657123,8376314.5,4042768.5,4333546,12419083
626218811,5402400.0,5082053.0,320347,10484453
566400041,9023108.5,5858357.5,14881466,3164751
537894989,13652198.0,7182811.0,6469387,20835009
831034973,1419568.0,552076.0,867492,1971644
614551577,2788304.5,1157943.5,1630361,3946248
560566553,5347631.5,4139851.5,9487483,1207780
800132677,3448283.0,2956994.0,491289,6405277
565631459,2522153.0,1265774.0,1256379,3787927
589870829,5008920.0,4241543.0,767377,9250463
574307647,14251589.5,5249095.5,19500685,9002494
541593809,3475535.5,2190537.5,5666073,1284998
639729553,2637212.5,2537308.5,99904,5174521
662745521,5892545.0,1471122.0,4421423,7363667
661996589,9609802.0,1730219.0,11340021,7879583
550978037,12159861.0,11786063.0,373798,23945924
594721487,14334902.0,5013591.0,9321311,19348493
898018973,509928.0,49842.0,559770,460086
646374461,2844443.5,862407.5,3706851,1982036
589294463,4462128.5,151085.5,4311043,4613214
623685679,5689038.5,4173928.5,1515110,9862967
792186181,1618101.0,1258225.0,2876326,359876
713059049,1754600.5,313922.5,1440678,2068523
591483833,4330783.0,560389.0,3770394,4891172
781881889,1223886.0,1012762.0,2236648,211124
550603943,12553404.0,6364386.0,18917790,6189018
942898993,544079.0,482515.0,1026594,61564
815673479,3300518.0,2138036.0,5438554,1162482
570970541,16772348.0,15975019.0,797329,32747367
891482597,793136.0,468708.0,324428,1261844
658160869,1108927.5,899269.5,209658,2008197
976834147,1429124.0,282768.0,1711892,1146356
852697117,1699184.0,118191.0,1817375,1580993
799410221,2052836.0,1630806.0,3683642,422030
809237203,7058383.5,6786854.5,13845238,271529
538461887,12223356.0,7197373.0,19420729,5025983
646356259,14335881.5,262460.5,14073421,14598342
667451749,4651285.0,2054750.0,2596535,6706035
795145331,2559235.0,73748.0,2485487,2632983
563352151,2041776.5,1130626.5,911150,3172403
675212389,4348386.0,1981852.0,2366534,6330238
619339843,7862727.5,7672727.5,190000,15535455
593684713,1526065.0,385926.0,1140139,1911991
553719833,4227203.5,250992.5,3976211,4478196
577434493,9920797.5,4149532.5,14070330,5771265
549857293,23378392.5,8854319.5,32232712,14524073
839289467,1514488.0,248163.0,1266325,1762651
642161137,7230096.5,899636.5,6330460,8129733
610497697,14629200.0,12749012.0,27378212,1880188
807562843,5577845.5,1777784.5,7355630,3800061
668264017,4710040.5,2678837.5,2031203,7388878
540180601,10247037.5,6763976.5,17011014,3483061
647046773,8110159.0,3646560.0,4463599,11756719
570987451,9715810.0,3376789.0,6339021,13092599
718479371,9618996.5,4947216.5,4671780,14566213
716203123,2961398.0,71490.0,2889908,3032888
613259729,7233103.5,2207659.5,9440763,5025444
870707423,3465062.5,479771.5,2985291,3944834
544509293,1668107.5,1389517.5,3057625,278590
704861347,4334026.0,2372856.0,1961170,6706882
808027919,3579363.0,3050566.0,528797,6629929
604056059,7442232.5,6568045.5,14010278,874187
849530173,1175953.0,1045530.0,2221483,130423
817941119,6469341.0,333848.0,6135493,6803189
801876763,1417764.5,15701.5,1402063,1433466
755308969,10082967.0,7720471.0,2362496,17803438
738277123,1911565.5,1296980.5,3208546,614585
579636997,15676330.0,6613754.0,22290084,9062576
638503279,8582280.5,6699429.5,1882851,15281710
728844551,3428591.0,1443697.0,4872288,1984894
774353513,1325996.0,375617.0,950379,1701613
763329143,1946546.5,1671736.5,3618283,274810
640362967,1685787.0,496102.0,2181889,1189685
746198359,2956935.5,2050136.5,5007072,906799
554052827,14978660.5,7415988.5,22394649,7562672
618681509,1682865.5,1402342.5,3085208,280523
569817791,4951488.5,4932021.5,19467,9883510
640747169,2254731.0,1078259.0,1176472,3332990
790328281,6327698.0,1230279.0,5097419,7557977
905631971,2085674.5,1748049.5,3833724,337625
587872627,25365087.0,21546167.0,46911254,3818920
549720707,17773361.0,15832040.0,1941321,33605401
761499523,2209327.5,435908.5,2645236,1773419
592546529,10580709.0,281373.0,10299336,10862082
734351747,2738865.0,577629.0,3316494,2161236
988481209,730235.0,148493.0,878728,581742
626264293,11426908.0,9609539.0,21036447,1817369
857548687,2276190.5,570478.5,2846669,1705712
602062673,2446596.5,2331829.5,4778426,114767
571370453,409509.5,354398.5,55111,763908
663838229,8907778.0,4906292.0,4001486,13814070
624322681,9756564.0,3859128.0,13615692,5897436
575711663,8130695.0,4372458.0,3758237,12503153
609411553,10116415.0,6488161.0,16604576,3628254
851521003,3681590.0,2242570.0,5924160,1439020
688297213,3657342.5,2624394.5,1032948,6281737
633758057,14028746.5,7625102.5,21653849,6403644
677229191,3582178.5,1575462.5,2006716,5157641
549378121,20064328.0,13176416.0,6887912,33240744
785835493,591534.0,176923.0,414611,768457
742452187,3288679.5,2934928.5,353751,6223608
545097937,12274688.0,7063805.0,19338493,5210883
716929093,3037056.5,63575.5,2973481,3100632
623642743,459449.5,89671.5,369778,549121
637642277,5649189.5,4360406.5,1288783,10009596
559438777,19115693.0,3259283.0,15856410,22374976
576956647,12256329.0,6977697.0,5278632,19234026
649757957,6485273.0,1510049.0,7995322,4975224
976177427,643068.5,309380.5,333688,952449
640432571,1607839.0,317384.0,1925223,1290455
592563871,3928733.0,2043732.0,1885001,5972465
563809999,16091646.5,8429240.5,24520887,7662406
860350373,3973097.5,3383083.5,590014,7356181
740849071,1881976.5,1035488.5,846488,2917465
604784617,5736320.5,5030487.5,705833,10766808
656822821,4531594.5,1989229.5,6520824,2542365
697510367,2910871.0,1283867.0,1627004,4194738
945343513,1919870.0,403947.0,2323817,1515923
842911021,250759.0,193127.0,57632,443886
810246049,562819.0,250696.0,813515,312123
635827331,15575660.0,9173703.0,24749363,6401957
583465277,13283862.0,604496.0,13888358,12679366
694140763,11137089.0,4081816.0,7055273,15218905
559197557,13121825.5,3099690.5,16221516,10022135
754693127,6882594.0,482074.0,6400520,7364668
610413347,13776688.0,8413635.0,22190323,5363053
798012697,2358319.5,909337.5,3267657,1448982
694996481,5591844.0,4612950.0,978894,10204794
901337873,412535.5,163174.5,575710,249361
597013723,7133767.5,4883027.5,2250740,12016795
541265437,19755382.0,10879405.0,30634787,8875977
570957463,34153438.5,16026818.5,50180257,18126620
565620371,1336489.5,254945.5,1081544,1591435
571338919,21683046.0,11714745.0,33397791,9968301
855560401,5421412.5,5159403.5,262009,10580816
697945111,14119360.0,9049018.0,5070342,23168378
565674569,14844883.0,4176524.0,19021407,10668359
597197621,13166372.5,4990360.5,8176012,18156733
712723031,14482828.0,14300564.0,182264,28783392
838443659,4046654.5,3763379.5,283275,7810034
773958011,4673825.0,1523006.0,6196831,3150819
1038831029,725998.5,292717.5,433281,1018716
683045959,1882044.5,1339209.5,3221254,542835
570267749,4834337.0,1807968.0,3026369,6642305
539773387,44982945.5,19916535.5,25066410,64899481
822217091,7012595.0,2786297.0,4226298,9798892
680043149,5013942.0,2437165.0,7451107,2576777
695680163,12779866.5,12350129.5,429737,25129996
626671151,13916082.0,13905272.0,10810,27821354
616045069,12247380.0,4488174.0,16735554,7759206
559598353,15180518.5,2438483.5,17619002,12742035
709300681,6578650.5,2165475.5,4413175,8744126
555032759,5194236.5,365722.5,4828514,5559959
1012576007,452686.0,66730.0,385956,519416
686272421,4236196.5,163527.5,4399724,4072669
792639259,1597448.5,265107.5,1862556,1332341
878290879,10540867.5,1267585.5,9273282,11808453
664958513,4695814.0,2058178.0,2637636,6753992
573339073,2890359.5,2756885.5,133474,5647245
617165533,3098118.5,2193939.5,5292058,904179
589771541,2788396.0,2176106.0,4964502,612290
538097579,18005044.5,10315184.5,28320229,7689860
868012973,3408727.5,398327.5,3010400,3807055
732758869,13299484.5,1315113.5,14614598,11984371
619433279,6145991.5,2699740.5,3446251,8845732
737987179,3248525.5,2664776.5,583749,5913302
804469591,1502403.5,321417.5,1823821,1180986
845619659,1968435.0,1336364.0,632071,3304799
983951303,551446.5,218344.5,769791,333102
723397783,1191376.5,592698.5,598678,1784075
779310557,1659051.5,1112871.5,2771923,546180
821442253,3493497.5,2565046.5,928451,6058544
598263433,4562844.5,4022399.5,8585244,540445
593837747,3111418.5,1866206.5,4977625,1245212
910201031,472907.0,73731.0,546638,399176
674035801,3959942.0,515857.0,3444085,4475799
793377953,14278691.0,1090199.0,13188492,15368890
797281357,1190645.5,164888.5,1355534,1025757
574432321,6310915.0,2201594.0,4109321,8512509
574668863,24605376.0,16915661.0,41521037,7689715
698202017,11968353.0,9333923.0,2634430,21302276
937424923,1495318.5,970725.5,524593,2466044
539551517,160278.0,117443.0,277721,42835
592001983,6376739.5,3640211.5,10016951,2736528
558242233,3295959.5,2998877.5,6294837,297082
787345519,1359704.0,735947.0,623757,2095651
655350029,7952237.0,3968430.0,3983807,11920667
852287837,885920.0,106049.0,779871,991969
604646167,8582399.5,1420970.5,7161429,10003370
905279941,262948.5,151633.5,414582,111315
739562111,3190586.5,2169183.5,1021403,5359770
666812737,9099502.5,8696732.5,402770,17796235
682619933,2778966.5,646156.5,3425123,2132810
559679929,2625609.0,1352130.0,3977739,1273479
636993767,11332160.0,4599204.0,15931364,6732956
569708701,2337969.5,1996235.5,4334205,341734
709339243,4186989.0,2923696.0,7110685,1263293
844117811,541160.5,204841.5,746002,336319
995126707,780010.0,169556.0,610454,949566
628513007,5332891.5,5157463.5,10490355,175428
543990833,5286432.5,3372034.5,1914398,8658467
625114339,3114585.0,1638077.0,4752662,1476508
641534371,3424536.5,2254782.5,1169754,5679319
596929573,7223835.0,586144.0,6637691,7809979
908284967,1220913.5,721882.5,499031,1942796
828502459,1845312.5,1218507.5,3063820,626805
992416339,1023041.5,381478.5,1404520,641563
754719611,1869136.0,1601049.0,268087,3470185
724540093,856539.5,60986.5,917526,795553
562561081,12773534.0,2823652.0,9949882,15597186
609373321,9028041.5,2779539.5,6248502,11807581
670763963,11460929.0,2348267.0,13809196,9112662
558406799,2306747.5,1477276.5,829471,3784024
839759903,511979.5,364286.5,147693,876266
747852023,3015526.5,1577295.5,1438231,4592822
555330049,15131066.0,9106314.0,24237380,6024752
740459717,806207.0,181865.0,624342,988072
635257237,1751812.5,17463.5,1734349,1769276
573753847,4250145.0,3084053.0,1166092,7334198
850505809,2777394.5,657698.5,2119696,3435093
928818271,382306.0,278460.0,660766,103846
577555081,23425502.5,3834563.5,27260066,19590939
623500907,8987102.0,1709606.0,10696708,7277496
590682293,17158971.0,1808378.0,18967349,15350593
592852639,663174.0,378932.0,1042106,284242
564094907,9741172.0,5619445.0,4121727,15360617
551139481,17506368.0,2014255.0,15492113,19520623
843037997,2154934.0,312459.0,2467393,1842475
739706129,3027561.5,366677.5,2660884,3394239
734004833,5889570.0,5641293.0,11530863,248277
680125913,3724409.0,2377770.0,1346639,6102179
694099453,3738733.0,2534511.0,6273244,1204222
822981007,746979.0,338230.0,1085209,408749
591312263,2223767.5,2099825.5,123942,4323593
571011157,5015583.0,3461332.0,1554251,8476915
553233911,11939991.0,4137846.0,7802145,16077837
804617069,8712482.5,8462213.5,250269,17174696
577989323,7582537.5,3168095.5,4414442,10750633
584230459,2723180.5,1466577.5,4189758,1256603
742129079,2237301.5,1660590.5,576711,3897892
568278911,1431529.0,870184.0,2301713,561345
947222053,502328.0,499139.0,3189,1001467
997639481,903041.0,340185.0,562856,1243226
549537103,4570043.0,1645734.0,6215777,2924309
650479793,8627509.5,1646791.5,6980718,10274301
583017691,5139833.0,895736.0,4244097,6035569
678214567,3477920.0,2660382.0,6138302,817538
580140779,5351495.5,454539.5,5806035,4896956
740043533,3015654.5,1847908.5,4863563,1167746
607018903,8892964.5,6338510.5,2554454,15231475
592844227,18595126.0,16172701.0,2422425,34767827
596069503,5231026.0,5137276.0,10368302,93750
622682371,4690308.5,3305259.5,7995568,1385049
909548963,1114433.5,458628.5,655805,1573062
625009963,3550109.5,1282191.5,2267918,4832301
593056561,4750875.0,1706052.0,3044823,6456927
653712823,6054573.0,3386092.0,9440665,2668481
797017219,3765648.0,2443928.0,6209576,1321720
567180113,1981397.0,1344909.0,3326306,636488
550537853,13871389.5,2075591.5,11795798,15946981
799098497,1847969.5,347843.5,2195813,1500126
756073427,356838.5,261359.5,95479,618198
803836801,3214182.0,69776.0,3144406,3283958
698675281,5822036.5,814080.5,6636117,5007956
996031391,1589433.0,1203898.0,2793331,385535
588459629,10520726.0,1815298.0,8705428,12336024
713649889,9377850.0,455158.0,8922692,9833008
711709829,7872556.5,214497.5,7658059,8087054
720061717,1564266.0,68827.0,1495439,1633093
609323191,2304811.5,1134717.5,1170094,3439529
866011259,711299.0,113504.0,597795,824803
570150773,28155232.5,24932071.5,3223161,53087304
858396977,285663.0,228887.0,514550,56776
591883631,9793500.5,5115751.5,14909252,4677749
555602771,3939361.0,1213944.0,5153305,2725417
725669213,2293024.5,1949094.5,4242119,343930
545715047,4853402.5,4697613.5,155789,9551016
